

INSERT INTO generos_elementos_compartidos (id_genero_elemt_compart,nombre_genero) VALUES ("1","Romance");
INSERT INTO generos_elementos_compartidos (id_genero_elemt_compart,nombre_genero) VALUES ("2","Acción");
INSERT INTO generos_elementos_compartidos (id_genero_elemt_compart,nombre_genero) VALUES ("3","Fantasía");
INSERT INTO generos_elementos_compartidos (id_genero_elemt_compart,nombre_genero) VALUES ("4","Terror");
INSERT INTO generos_elementos_compartidos (id_genero_elemt_compart,nombre_genero) VALUES ("5","Animación");
INSERT INTO generos_elementos_compartidos (id_genero_elemt_compart,nombre_genero) VALUES ("6","Comedia");
INSERT INTO generos_elementos_compartidos (id_genero_elemt_compart,nombre_genero) VALUES ("7","Drama");
INSERT INTO generos_elementos_compartidos (id_genero_elemt_compart,nombre_genero) VALUES ("8","Thriller");
INSERT INTO generos_elementos_compartidos (id_genero_elemt_compart,nombre_genero) VALUES ("9","Aventura");
INSERT INTO generos_elementos_compartidos (id_genero_elemt_compart,nombre_genero) VALUES ("10","Musical");
INSERT INTO generos_elementos_compartidos (id_genero_elemt_compart,nombre_genero) VALUES ("11","Documental");

INSERT INTO plataformas (id_plataforma, nombre_plataforma) VALUES ("1","Amazon");
INSERT INTO plataformas (id_plataforma, nombre_plataforma) VALUES ("2","Netflix");

INSERT INTO generos (id_generos, descripcion) VALUES ("1","Hombre");
INSERT INTO generos (id_generos, descripcion) VALUES ("2","Mujer");
INSERT INTO generos (id_generos, descripcion) VALUES ("3","No binario");

INSERT INTO roles (id_rol,nombre_rol) VALUES ("1","ROLE_USER");
INSERT INTO roles (id_rol,nombre_rol) VALUES ("2","ROLE_ADMIN");

INSERT INTO usuarios (id_usuario,nombre,anio_nacimiento,contrasena,id_roles,ajustes_sesion,correo,id_generos, imagen,activa) VALUES ("99","user","1998","$2a$12$m8Z4FDXlPZtkX59jm0moieaj5hlPnLPvCahm.Xxd2PJrGWQNArFte","1","animes","kornergestion@gmail.com","3", "/img/icon1.png",true);
INSERT INTO usuarios (id_usuario,nombre,anio_nacimiento,contrasena, id_roles,ajustes_sesion,correo,id_generos, imagen,activa) VALUES ("98","useradmin","1990","$2a$12$m8Z4FDXlPZtkX59jm0moieaj5hlPnLPvCahm.Xxd2PJrGWQNArFte","2","home","prueba2@hotmail.com","3","/img/icon1.png",true);
INSERT INTO usuarios (id_usuario,nombre,anio_nacimiento,contrasena, id_roles, ajustes_sesion,correo,id_generos,imagen,activa) VALUES ("100","user1","2004","$2a$12$m8Z4FDXlPZtkX59jm0moieaj5hlPnLPvCahm.Xxd2PJrGWQNArFte","1", "home","prueba3@hotmail.com","3","/img/icon1.png",true);
INSERT INTO usuarios (id_usuario,nombre,anio_nacimiento,contrasena, id_roles, ajustes_sesion,correo,id_generos,imagen,activa) VALUES ("101","user2","1963","$2a$12$m8Z4FDXlPZtkX59jm0moieaj5hlPnLPvCahm.Xxd2PJrGWQNArFte","1", "home","prueba4@hotmail.com","3","/img/icon1.png",true);
INSERT INTO usuarios (id_usuario,nombre,anio_nacimiento,contrasena, id_roles, ajustes_sesion,correo,id_generos,imagen,activa) VALUES ("102","user3","1963","$2a$12$m8Z4FDXlPZtkX59jm0moieaj5hlPnLPvCahm.Xxd2PJrGWQNArFte","1", "home","prueba5@hotmail.com","3","/img/icon1.png",true);
INSERT INTO usuarios (id_usuario,nombre,anio_nacimiento,contrasena, id_roles, ajustes_sesion,correo,id_generos,imagen,activa) VALUES ("103","user4","1963","$2a$12$m8Z4FDXlPZtkX59jm0moieaj5hlPnLPvCahm.Xxd2PJrGWQNArFte","1", "home","prueba6@hotmail.com","3","/img/icon1.png",true);
INSERT INTO usuarios (id_usuario,nombre,anio_nacimiento,contrasena, id_roles, ajustes_sesion,correo,id_generos,imagen,activa) VALUES ("104","user5","1963","$2a$12$m8Z4FDXlPZtkX59jm0moieaj5hlPnLPvCahm.Xxd2PJrGWQNArFte","1", "home","prueba7@hotmail.com","3","/img/icon1.png",true);
INSERT INTO usuarios (id_usuario,nombre,anio_nacimiento,contrasena, id_roles, ajustes_sesion,correo,id_generos,imagen,activa) VALUES ("105","user6","1963","$2a$12$m8Z4FDXlPZtkX59jm0moieaj5hlPnLPvCahm.Xxd2PJrGWQNArFte","1", "home","prueba8@hotmail.com","3","/img/icon1.png",false);
INSERT INTO usuarios (id_usuario,nombre,anio_nacimiento,contrasena, id_roles, ajustes_sesion,correo,id_generos,imagen,activa) VALUES ("106","user7","1963","$2a$12$m8Z4FDXlPZtkX59jm0moieaj5hlPnLPvCahm.Xxd2PJrGWQNArFte","1", "home","prueba9@hotmail.com","3","/img/icon1.png",false);
INSERT INTO usuarios (id_usuario,nombre,anio_nacimiento,contrasena, id_roles, ajustes_sesion,correo,id_generos,imagen,activa) VALUES ("107","user8","1963","$2a$12$m8Z4FDXlPZtkX59jm0moieaj5hlPnLPvCahm.Xxd2PJrGWQNArFte","1", "home","prueba10@hotmail.com","3","/img/icon1.png",false);
INSERT INTO usuarios (id_usuario,nombre,anio_nacimiento,contrasena, id_roles, ajustes_sesion,correo,id_generos,imagen,activa) VALUES ("108","user9","1963","$2a$12$m8Z4FDXlPZtkX59jm0moieaj5hlPnLPvCahm.Xxd2PJrGWQNArFte","1", "home","prueba11@hotmail.com","3","/img/icon1.png",false);
INSERT INTO usuarios (id_usuario,nombre,anio_nacimiento,contrasena, id_roles, ajustes_sesion,correo,id_generos,imagen,activa) VALUES ("109","user10","1963","$2a$12$m8Z4FDXlPZtkX59jm0moieaj5hlPnLPvCahm.Xxd2PJrGWQNArFte","1", "home","prueba12@hotmail.com","3","/img/icon1.png",false);
INSERT INTO usuarios (id_usuario,nombre,anio_nacimiento,contrasena, id_roles, ajustes_sesion,correo,id_generos,imagen,activa) VALUES ("110","user11","1963","$2a$12$m8Z4FDXlPZtkX59jm0moieaj5hlPnLPvCahm.Xxd2PJrGWQNArFte","1", "home","prueba13@hotmail.com","3","/img/icon1.png",true);
INSERT INTO usuarios (id_usuario,nombre,anio_nacimiento,contrasena, id_roles, ajustes_sesion,correo,id_generos,imagen,activa) VALUES ("111","user12","1963","$2a$12$m8Z4FDXlPZtkX59jm0moieaj5hlPnLPvCahm.Xxd2PJrGWQNArFte","1", "home","prueba14@hotmail.com","3","/img/icon1.png",true);
INSERT INTO usuarios (id_usuario,nombre,anio_nacimiento,contrasena, id_roles, ajustes_sesion,correo,id_generos,imagen,activa) VALUES ("112","user13","1963","$2a$12$m8Z4FDXlPZtkX59jm0moieaj5hlPnLPvCahm.Xxd2PJrGWQNArFte","1", "home","prueba15@hotmail.com","3","/img/icon1.png",true);
INSERT INTO usuarios (id_usuario,nombre,anio_nacimiento,contrasena, id_roles, ajustes_sesion,correo,id_generos,imagen,activa) VALUES ("113","user14","1963","$2a$12$m8Z4FDXlPZtkX59jm0moieaj5hlPnLPvCahm.Xxd2PJrGWQNArFte","1", "home","prueba16@hotmail.com","3","/img/icon1.png",true);
INSERT INTO usuarios (id_usuario,nombre,anio_nacimiento,contrasena, id_roles, ajustes_sesion,correo,id_generos,imagen,activa) VALUES ("114","user15","1963","$2a$12$m8Z4FDXlPZtkX59jm0moieaj5hlPnLPvCahm.Xxd2PJrGWQNArFte","1", "home","prueba17@hotmail.com","3","/img/icon1.png",true);
INSERT INTO usuarios (id_usuario,nombre,anio_nacimiento,contrasena, id_roles, ajustes_sesion,correo,id_generos,imagen,activa) VALUES ("115","user16","1963","$2a$12$m8Z4FDXlPZtkX59jm0moieaj5hlPnLPvCahm.Xxd2PJrGWQNArFte","1", "home","prueba18@hotmail.com","3","/img/icon1.jpeg",true);
INSERT INTO usuarios (id_usuario,nombre,anio_nacimiento,contrasena, id_roles, ajustes_sesion,correo,id_generos,imagen,activa) VALUES ("116","user17","1963","$2a$12$m8Z4FDXlPZtkX59jm0moieaj5hlPnLPvCahm.Xxd2PJrGWQNArFte","1", "home","prueba19@hotmail.com","3","/img/icon1.png",true);
INSERT INTO usuarios (id_usuario,nombre,anio_nacimiento,contrasena, id_roles, ajustes_sesion,correo,id_generos,imagen,activa) VALUES ("117","user18","1963","$2a$12$m8Z4FDXlPZtkX59jm0moieaj5hlPnLPvCahm.Xxd2PJrGWQNArFte","1", "home","prueba20@hotmail.com","3","/img/icon1.png",true);
INSERT INTO usuarios (id_usuario,nombre,anio_nacimiento,contrasena, id_roles, ajustes_sesion,correo,id_generos,imagen,activa) VALUES ("118","user19","1963","$2a$12$m8Z4FDXlPZtkX59jm0moieaj5hlPnLPvCahm.Xxd2PJrGWQNArFte","1", "home","prueba21hotmail.com","3","/img/icon1.png",true);
INSERT INTO usuarios (id_usuario,nombre,anio_nacimiento,contrasena, id_roles, ajustes_sesion,correo,id_generos,imagen,activa) VALUES ("119","user20","1963","$2a$12$m8Z4FDXlPZtkX59jm0moieaj5hlPnLPvCahm.Xxd2PJrGWQNArFte","1", "home","prueba22@hotmail.com","3","/img/icon1.png",true);
INSERT INTO usuarios (id_usuario,nombre,anio_nacimiento,contrasena, id_roles, ajustes_sesion,correo,id_generos,imagen,activa) VALUES ("120","user21","1963","$2a$12$m8Z4FDXlPZtkX59jm0moieaj5hlPnLPvCahm.Xxd2PJrGWQNArFte","1", "home","prueba23@hotmail.com","3","/img/icon1.png",false);
INSERT INTO usuarios (id_usuario,nombre,anio_nacimiento,contrasena, id_roles, ajustes_sesion,correo,id_generos,imagen,activa) VALUES ("121","user22","1963","$2a$12$m8Z4FDXlPZtkX59jm0moieaj5hlPnLPvCahm.Xxd2PJrGWQNArFte","1", "home","prueba24@hotmail.com","3","/img/icon1.png",false);
INSERT INTO usuarios (id_usuario,nombre,anio_nacimiento,contrasena, id_roles, ajustes_sesion,correo,id_generos,imagen,activa) VALUES ("122","user23","1963","$2a$12$m8Z4FDXlPZtkX59jm0moieaj5hlPnLPvCahm.Xxd2PJrGWQNArFte","1", "home","prueba25@hotmail.com","3","/img/icon1.png",false);
INSERT INTO usuarios (id_usuario,nombre,anio_nacimiento,contrasena, id_roles, ajustes_sesion,correo,id_generos,imagen,activa) VALUES ("123","user24","1963","$2a$12$m8Z4FDXlPZtkX59jm0moieaj5hlPnLPvCahm.Xxd2PJrGWQNArFte","1", "home","prueba26@hotmail.com","3","/img/icon1.png",false);


INSERT INTO amigos (id_amigos,id_amigo_origen,id_amigo_destino,bloqueados,pendientes) VALUES ("100","101","102",0,0);
INSERT INTO amigos (id_amigos,id_amigo_origen,id_amigo_destino,bloqueados,pendientes) VALUES ("101","101","103",0,0);
INSERT INTO amigos (id_amigos,id_amigo_origen,id_amigo_destino,bloqueados,pendientes) VALUES ("102","101","104",0,0);
INSERT INTO amigos (id_amigos,id_amigo_origen,id_amigo_destino,bloqueados,pendientes) VALUES ("103","101","105",0,0);
INSERT INTO amigos (id_amigos,id_amigo_origen,id_amigo_destino,bloqueados,pendientes) VALUES ("104","101","106",false,false);
INSERT INTO amigos (id_amigos,id_amigo_origen,id_amigo_destino,bloqueados,pendientes) VALUES ("105","101","107",false,true);
INSERT INTO amigos (id_amigos,id_amigo_origen,id_amigo_destino,bloqueados,pendientes) VALUES ("106","101","108",false,true);
INSERT INTO amigos (id_amigos,id_amigo_origen,id_amigo_destino,bloqueados,pendientes) VALUES ("107","101","109",false,true);
INSERT INTO amigos (id_amigos,id_amigo_origen,id_amigo_destino,bloqueados,pendientes) VALUES ("108","101","110",false,false);
INSERT INTO amigos (id_amigos,id_amigo_origen,id_amigo_destino,bloqueados,pendientes) VALUES ("109","101","111",1,false);
INSERT INTO amigos (id_amigos,id_amigo_origen,id_amigo_destino,bloqueados,pendientes) VALUES ("110","101","112",true,false);
INSERT INTO amigos (id_amigos,id_amigo_origen,id_amigo_destino,bloqueados,pendientes) VALUES ("111","101","113",1,false);
INSERT INTO amigos (id_amigos,id_amigo_origen,id_amigo_destino,bloqueados,pendientes) VALUES ("112","101","114",1,false);
INSERT INTO amigos (id_amigos,id_amigo_origen,id_amigo_destino,bloqueados,pendientes) VALUES ("113","101","115",1,false);
INSERT INTO amigos (id_amigos,id_amigo_origen,id_amigo_destino,bloqueados,pendientes) VALUES ("114","101","116",1,false);
INSERT INTO amigos (id_amigos,id_amigo_origen,id_amigo_destino,bloqueados,pendientes) VALUES ("115","101","117",1,false);
INSERT INTO amigos (id_amigos,id_amigo_origen,id_amigo_destino,bloqueados,pendientes) VALUES ("116","101","118",1,false);
INSERT INTO amigos (id_amigos,id_amigo_origen,id_amigo_destino,bloqueados,pendientes) VALUES ("117","101","119",0,false);
INSERT INTO amigos (id_amigos,id_amigo_origen,id_amigo_destino,bloqueados,pendientes) VALUES ("118","99","101",0,false);
INSERT INTO amigos (id_amigos,id_amigo_origen,id_amigo_destino,bloqueados,pendientes) VALUES ("122","101","99",0,false);
INSERT INTO amigos (id_amigos,id_amigo_origen,id_amigo_destino,bloqueados,pendientes) VALUES ("119","99","102",0,false);
INSERT INTO amigos (id_amigos,id_amigo_origen,id_amigo_destino,bloqueados,pendientes) VALUES ("123","102","99",true,false);
INSERT INTO amigos (id_amigos,id_amigo_origen,id_amigo_destino,bloqueados,pendientes) VALUES ("120","99","103",0,false);
INSERT INTO amigos (id_amigos,id_amigo_origen,id_amigo_destino,bloqueados,pendientes) VALUES ("121","99","104",0,false);


INSERT INTO peliculas (id,id_pelicula_usuarios,titulo, year, puntuacion, opinion, trailer) VALUES ("1006","99","Shoujo Kageki Revue Starlight the movie","2020","5","opinion de prueba","https://www.youtube.com/embed/AAabX4HO8xA?si=7bd5QYheVkxFF8aO");

INSERT INTO peliculas (id,id_pelicula_usuarios,titulo, year, puntuacion, opinion, trailer) VALUES ("1007","99","revue","2010","5","opinion de prueba","https://www.youtube.com/embed/AAabX4HO8xA?si=7bd5QYheVkxFF8aO");

INSERT INTO peliculas (id,id_pelicula_usuarios,titulo, year, puntuacion, opinion, trailer) VALUES ("1008","99","prueba6","2011","5","opinion de prueba","https://www.youtube.com/embed/AAabX4HO8xA?si=7bd5QYheVkxFF8aO");

INSERT INTO peliculas (id,id_pelicula_usuarios,titulo, year, puntuacion, opinion, trailer) VALUES ("1000","99","prueba1","2020","2","opinion de prueba","wwww.youtube");

INSERT INTO peliculas (id,id_pelicula_usuarios,titulo, year, puntuacion, opinion, trailer) VALUES ("1002","99","prueba2","2020","3","opinion de prueba2","wwww.youtube");

INSERT INTO peliculas (id,id_pelicula_usuarios,titulo, year, puntuacion, opinion, trailer) VALUES ("1003","98","prueba3","2020","4","opinion de prueba4", "wwww.youtube");

INSERT INTO peliculas (id,id_pelicula_usuarios,titulo, year, puntuacion, opinion, trailer) VALUES ("1004","98","prueba4","2020","5","opinion de prueba3","wwww.youtube");

INSERT INTO peliculas (id,id_pelicula_usuarios,titulo, year, puntuacion, opinion, trailer) VALUES ("1005","98","prueba5","2020","2","opinion de prueba5","wwww.youtube");

INSERT INTO animes (id,id_anime_usuarios,titulo, year, puntuacion, opinion) VALUES ("1005","99","prueba1","2020","2","opinion de prueba5");
INSERT INTO animes (id,id_anime_usuarios,titulo, year, puntuacion, opinion) VALUES ("1006","99","prueba2","2020","2","opinion de prueba5");
INSERT INTO animes (id,id_anime_usuarios,titulo, year, puntuacion, opinion) VALUES ("1007","99","prueba3","2020","2","opinion de prueba5");
INSERT INTO animes (id,id_anime_usuarios,titulo, year, puntuacion, opinion) VALUES ("1008","99","prueba4","2020","2","opinion de prueba5");
INSERT INTO animes (id,id_anime_usuarios,titulo, year, puntuacion, opinion) VALUES ("1009","99","prueba5","2020","2","opinion de prueba5");


INSERT INTO pelicula_genero(id, id_generos_elemt_comp) VALUES ("1000", "1");
INSERT INTO pelicula_genero(id, id_generos_elemt_comp) VALUES ("1000", "2");
INSERT INTO pelicula_genero(id, id_generos_elemt_comp) VALUES ("1006", "8");
INSERT INTO pelicula_genero(id, id_generos_elemt_comp) VALUES ("1006", "9");
INSERT INTO pelicula_genero(id, id_generos_elemt_comp) VALUES ("1006", "10");
INSERT INTO pelicula_genero(id, id_generos_elemt_comp) VALUES ("1007", "10");
INSERT INTO pelicula_genero(id, id_generos_elemt_comp) VALUES ("1008", "5");
INSERT INTO pelicula_genero(id, id_generos_elemt_comp) VALUES ("1008", "4");
INSERT INTO pelicula_genero(id, id_generos_elemt_comp) VALUES ("1002", "3");
INSERT INTO pelicula_genero(id, id_generos_elemt_comp) VALUES ("1003", "4");
INSERT INTO pelicula_genero(id, id_generos_elemt_comp) VALUES ("1003", "7");
INSERT INTO pelicula_genero(id, id_generos_elemt_comp) VALUES ("1004", "9");
INSERT INTO pelicula_genero(id, id_generos_elemt_comp) VALUES ("1005", "10");
INSERT INTO pelicula_genero(id, id_generos_elemt_comp) VALUES ("1005", "11");
INSERT INTO pelicula_genero(id, id_generos_elemt_comp) VALUES ("1005", "6");

INSERT INTO pelicula_plataforma(id,id_plataforma) VALUES ("1000", "1");
INSERT INTO pelicula_plataforma(id,id_plataforma) VALUES ("1000", "2");
INSERT INTO pelicula_plataforma(id,id_plataforma) VALUES ("1006", "2");
INSERT INTO pelicula_plataforma(id,id_plataforma) VALUES ("1007", "2");
INSERT INTO pelicula_plataforma(id,id_plataforma) VALUES ("1008", "1");
INSERT INTO pelicula_plataforma(id,id_plataforma) VALUES ("1008", "2");
INSERT INTO pelicula_plataforma(id,id_plataforma) VALUES ("1002", "2");
INSERT INTO pelicula_plataforma(id,id_plataforma) VALUES ("1003", "1");
INSERT INTO pelicula_plataforma(id,id_plataforma) VALUES ("1004", "2");
INSERT INTO pelicula_plataforma(id,id_plataforma) VALUES ("1005", "1");
