

INSERT INTO generos_elementos_compartidos (id_genero_elemt_compart,nombre_genero) VALUES ("1000","Romance");
INSERT INTO generos_elementos_compartidos (id_genero_elemt_compart,nombre_genero) VALUES ("1001","Acción");
INSERT INTO generos_elementos_compartidos (id_genero_elemt_compart,nombre_genero) VALUES ("1002","Fantasía");
INSERT INTO generos_elementos_compartidos (id_genero_elemt_compart,nombre_genero) VALUES ("1003","Terror");
INSERT INTO generos_elementos_compartidos (id_genero_elemt_compart,nombre_genero) VALUES ("1004","Animación");
INSERT INTO generos_elementos_compartidos (id_genero_elemt_compart,nombre_genero) VALUES ("1005","Comedia");
INSERT INTO generos_elementos_compartidos (id_genero_elemt_compart,nombre_genero) VALUES ("1006","Drama");
INSERT INTO generos_elementos_compartidos (id_genero_elemt_compart,nombre_genero) VALUES ("1007","Thriller");
INSERT INTO generos_elementos_compartidos (id_genero_elemt_compart,nombre_genero) VALUES ("1008","Aventura");
INSERT INTO generos_elementos_compartidos (id_genero_elemt_compart,nombre_genero) VALUES ("1009","Musical");
INSERT INTO generos_elementos_compartidos (id_genero_elemt_compart,nombre_genero) VALUES ("1010","Lucha");

INSERT INTO plataformas (id_plataforma, nombre_plataforma) VALUES ("1000","Amazon");
INSERT INTO plataformas (id_plataforma, nombre_plataforma) VALUES ("1001","Netflix");

INSERT INTO generos (id_generos, descripcion) VALUES ("1","Hombre");
INSERT INTO generos (id_generos, descripcion) VALUES ("2","Mujer");
INSERT INTO generos (id_generos, descripcion) VALUES ("3","No binario");

INSERT INTO roles (id_rol,nombre_rol) VALUES ("1","ROLE_USER");
INSERT INTO roles (id_rol,nombre_rol) VALUES ("2","ROLE_ADMIN");

INSERT INTO usuarios (id_usuario,nombre,anio_nacimiento,contrasena,id_roles,ajustes_sesion,correo,id_generos, imagen,activa) VALUES ("99","user","1998","$2a$12$m8Z4FDXlPZtkX59jm0moieaj5hlPnLPvCahm.Xxd2PJrGWQNArFte","1","home","hel42002@gmail.com","3", "/img/icon1.png",true);
INSERT INTO usuarios (id_usuario,nombre,anio_nacimiento,contrasena, id_roles,ajustes_sesion,correo,id_generos, imagen,activa) VALUES ("98","admin","1990","$2a$12$m8Z4FDXlPZtkX59jm0moieaj5hlPnLPvCahm.Xxd2PJrGWQNArFte","2","gestion","prueba2@hotmail.com","3","/img/icon1.png",true);
INSERT INTO usuarios (id_usuario,nombre,anio_nacimiento,contrasena, id_roles, ajustes_sesion,correo,id_generos,imagen,activa) VALUES ("100","user1","2004","$2a$12$m8Z4FDXlPZtkX59jm0moieaj5hlPnLPvCahm.Xxd2PJrGWQNArFte","1", "home","prueba3@hotmail.com","3","/img/icon1.png",true);
INSERT INTO usuarios (id_usuario,nombre,anio_nacimiento,contrasena, id_roles, ajustes_sesion,correo,id_generos,imagen,activa) VALUES ("101","user2","1963","$2a$12$m8Z4FDXlPZtkX59jm0moieaj5hlPnLPvCahm.Xxd2PJrGWQNArFte","1", "home","prueba4@hotmail.com","3","/img/icon1.png",true);
INSERT INTO usuarios (id_usuario,nombre,anio_nacimiento,contrasena, id_roles, ajustes_sesion,correo,id_generos,imagen,activa) VALUES ("102","user3","1963","$2a$12$m8Z4FDXlPZtkX59jm0moieaj5hlPnLPvCahm.Xxd2PJrGWQNArFte","1", "home","prueba5@hotmail.com","3","/img/icon1.png",true);
INSERT INTO usuarios (id_usuario,nombre,anio_nacimiento,contrasena, id_roles, ajustes_sesion,correo,id_generos,imagen,activa) VALUES ("103","user4","1963","$2a$12$m8Z4FDXlPZtkX59jm0moieaj5hlPnLPvCahm.Xxd2PJrGWQNArFte","1", "home","prueba6@hotmail.com","3","/img/icon1.png",true);
INSERT INTO usuarios (id_usuario,nombre,anio_nacimiento,contrasena, id_roles, ajustes_sesion,correo,id_generos,imagen,activa) VALUES ("104","user5","1963","$2a$12$m8Z4FDXlPZtkX59jm0moieaj5hlPnLPvCahm.Xxd2PJrGWQNArFte","1", "home","prueba7@hotmail.com","3","/img/icon1.png",true);
INSERT INTO usuarios (id_usuario,nombre,anio_nacimiento,contrasena, id_roles, ajustes_sesion,correo,id_generos,imagen,activa) VALUES ("105","user6","1963","$2a$12$m8Z4FDXlPZtkX59jm0moieaj5hlPnLPvCahm.Xxd2PJrGWQNArFte","1", "home","prueba8@hotmail.com","3","/img/icon1.png",true);
INSERT INTO usuarios (id_usuario,nombre,anio_nacimiento,contrasena, id_roles, ajustes_sesion,correo,id_generos,imagen,activa) VALUES ("106","user7","1963","$2a$12$m8Z4FDXlPZtkX59jm0moieaj5hlPnLPvCahm.Xxd2PJrGWQNArFte","1", "home","prueba9@hotmail.com","3","/img/icon1.png",true);
INSERT INTO usuarios (id_usuario,nombre,anio_nacimiento,contrasena, id_roles, ajustes_sesion,correo,id_generos,imagen,activa) VALUES ("107","user8","1963","$2a$12$m8Z4FDXlPZtkX59jm0moieaj5hlPnLPvCahm.Xxd2PJrGWQNArFte","1", "home","prueba10@hotmail.com","3","/img/icon1.png",true);
INSERT INTO usuarios (id_usuario,nombre,anio_nacimiento,contrasena, id_roles, ajustes_sesion,correo,id_generos,imagen,activa) VALUES ("108","user9","1963","$2a$12$m8Z4FDXlPZtkX59jm0moieaj5hlPnLPvCahm.Xxd2PJrGWQNArFte","1", "home","prueba11@hotmail.com","3","/img/icon1.png",true);
INSERT INTO usuarios (id_usuario,nombre,anio_nacimiento,contrasena, id_roles, ajustes_sesion,correo,id_generos,imagen,activa) VALUES ("109","user10","1963","$2a$12$m8Z4FDXlPZtkX59jm0moieaj5hlPnLPvCahm.Xxd2PJrGWQNArFte","1", "home","prueba12@hotmail.com","3","/img/icon1.png",true);
INSERT INTO usuarios (id_usuario,nombre,anio_nacimiento,contrasena, id_roles, ajustes_sesion,correo,id_generos,imagen,activa) VALUES ("110","user11","1963","$2a$12$m8Z4FDXlPZtkX59jm0moieaj5hlPnLPvCahm.Xxd2PJrGWQNArFte","1", "home","prueba13@hotmail.com","3","/img/icon1.png",true);
INSERT INTO usuarios (id_usuario,nombre,anio_nacimiento,contrasena, id_roles, ajustes_sesion,correo,id_generos,imagen,activa) VALUES ("111","user12","1963","$2a$12$m8Z4FDXlPZtkX59jm0moieaj5hlPnLPvCahm.Xxd2PJrGWQNArFte","1", "home","prueba14@hotmail.com","3","/img/icon1.png",true);
INSERT INTO usuarios (id_usuario,nombre,anio_nacimiento,contrasena, id_roles, ajustes_sesion,correo,id_generos,imagen,activa) VALUES ("112","user13","1963","$2a$12$m8Z4FDXlPZtkX59jm0moieaj5hlPnLPvCahm.Xxd2PJrGWQNArFte","1", "home","prueba15@hotmail.com","3","/img/icon1.png",true);
INSERT INTO usuarios (id_usuario,nombre,anio_nacimiento,contrasena, id_roles, ajustes_sesion,correo,id_generos,imagen,activa) VALUES ("113","user14","1963","$2a$12$m8Z4FDXlPZtkX59jm0moieaj5hlPnLPvCahm.Xxd2PJrGWQNArFte","1", "home","prueba16@hotmail.com","3","/img/icon1.png",true);
INSERT INTO usuarios (id_usuario,nombre,anio_nacimiento,contrasena, id_roles, ajustes_sesion,correo,id_generos,imagen,activa) VALUES ("114","user15","1963","$2a$12$m8Z4FDXlPZtkX59jm0moieaj5hlPnLPvCahm.Xxd2PJrGWQNArFte","1", "home","prueba17@hotmail.com","3","/img/icon1.png",true);
INSERT INTO usuarios (id_usuario,nombre,anio_nacimiento,contrasena, id_roles, ajustes_sesion,correo,id_generos,imagen,activa) VALUES ("115","user16","1963","$2a$12$m8Z4FDXlPZtkX59jm0moieaj5hlPnLPvCahm.Xxd2PJrGWQNArFte","1", "home","prueba18@hotmail.com","3","/img/icon1.png",true);
INSERT INTO usuarios (id_usuario,nombre,anio_nacimiento,contrasena, id_roles, ajustes_sesion,correo,id_generos,imagen,activa) VALUES ("116","user17","1963","$2a$12$m8Z4FDXlPZtkX59jm0moieaj5hlPnLPvCahm.Xxd2PJrGWQNArFte","1", "home","prueba19@hotmail.com","3","/img/icon1.png",true);
INSERT INTO usuarios (id_usuario,nombre,anio_nacimiento,contrasena, id_roles, ajustes_sesion,correo,id_generos,imagen,activa) VALUES ("117","user18","1963","$2a$12$m8Z4FDXlPZtkX59jm0moieaj5hlPnLPvCahm.Xxd2PJrGWQNArFte","1", "home","prueba20@hotmail.com","3","/img/icon1.png",true);
INSERT INTO usuarios (id_usuario,nombre,anio_nacimiento,contrasena, id_roles, ajustes_sesion,correo,id_generos,imagen,activa) VALUES ("118","user19","1963","$2a$12$m8Z4FDXlPZtkX59jm0moieaj5hlPnLPvCahm.Xxd2PJrGWQNArFte","1", "home","prueba21hotmail.com","3","/img/icon1.png",true);
INSERT INTO usuarios (id_usuario,nombre,anio_nacimiento,contrasena, id_roles, ajustes_sesion,correo,id_generos,imagen,activa) VALUES ("119","user20","1963","$2a$12$m8Z4FDXlPZtkX59jm0moieaj5hlPnLPvCahm.Xxd2PJrGWQNArFte","1", "home","prueba22@hotmail.com","3","/img/icon1.png",true);
INSERT INTO usuarios (id_usuario,nombre,anio_nacimiento,contrasena, id_roles, ajustes_sesion,correo,id_generos,imagen,activa) VALUES ("120","user21","1963","$2a$12$m8Z4FDXlPZtkX59jm0moieaj5hlPnLPvCahm.Xxd2PJrGWQNArFte","1", "home","prueba23@hotmail.com","3","/img/icon1.png",false);
INSERT INTO usuarios (id_usuario,nombre,anio_nacimiento,contrasena, id_roles, ajustes_sesion,correo,id_generos,imagen,activa) VALUES ("121","user22","1963","$2a$12$m8Z4FDXlPZtkX59jm0moieaj5hlPnLPvCahm.Xxd2PJrGWQNArFte","1", "home","prueba24@hotmail.com","3","/img/icon1.png",false);
INSERT INTO usuarios (id_usuario,nombre,anio_nacimiento,contrasena, id_roles, ajustes_sesion,correo,id_generos,imagen,activa) VALUES ("122","user23","1963","$2a$12$m8Z4FDXlPZtkX59jm0moieaj5hlPnLPvCahm.Xxd2PJrGWQNArFte","1", "home","prueba25@hotmail.com","3","/img/icon1.png",false);
INSERT INTO usuarios (id_usuario,nombre,anio_nacimiento,contrasena, id_roles, ajustes_sesion,correo,id_generos,imagen,activa) VALUES ("123","user24","1963","$2a$12$m8Z4FDXlPZtkX59jm0moieaj5hlPnLPvCahm.Xxd2PJrGWQNArFte","1", "home","prueba26@hotmail.com","3","/img/icon1.png",false);


INSERT INTO amigos (id_amigos,id_amigo_origen,id_amigo_destino,bloqueados,pendientes) VALUES ("100","101","102",0,0);
INSERT INTO amigos (id_amigos,id_amigo_origen,id_amigo_destino,bloqueados,pendientes) VALUES ("99","102","101",0,0);

INSERT INTO amigos (id_amigos,id_amigo_origen,id_amigo_destino,bloqueados,pendientes) VALUES ("101","101","103",0,0);
INSERT INTO amigos (id_amigos,id_amigo_origen,id_amigo_destino,bloqueados,pendientes) VALUES ("126","103","101",0,0);

INSERT INTO amigos (id_amigos,id_amigo_origen,id_amigo_destino,bloqueados,pendientes) VALUES ("102","101","104",0,0);
INSERT INTO amigos (id_amigos,id_amigo_origen,id_amigo_destino,bloqueados,pendientes) VALUES ("127","104","101",0,0);

INSERT INTO amigos (id_amigos,id_amigo_origen,id_amigo_destino,bloqueados,pendientes) VALUES ("103","101","105",0,0);
INSERT INTO amigos (id_amigos,id_amigo_origen,id_amigo_destino,bloqueados,pendientes) VALUES ("128","105","101",0,0);

INSERT INTO amigos (id_amigos,id_amigo_origen,id_amigo_destino,bloqueados,pendientes) VALUES ("104","101","106",false,false);
INSERT INTO amigos (id_amigos,id_amigo_origen,id_amigo_destino,bloqueados,pendientes) VALUES ("129","106","101",false,false);

INSERT INTO amigos (id_amigos,id_amigo_origen,id_amigo_destino,bloqueados,pendientes) VALUES ("105","101","107",false,true);
INSERT INTO amigos (id_amigos,id_amigo_origen,id_amigo_destino,bloqueados,pendientes) VALUES ("106","101","108",false,true);

INSERT INTO amigos (id_amigos,id_amigo_origen,id_amigo_destino,bloqueados,pendientes) VALUES ("108","101","110",false,false);
INSERT INTO amigos (id_amigos,id_amigo_origen,id_amigo_destino,bloqueados,pendientes) VALUES ("130","110","101",false,false);

INSERT INTO amigos (id_amigos,id_amigo_origen,id_amigo_destino,bloqueados,pendientes) VALUES ("109","101","111",1,false);
INSERT INTO amigos (id_amigos,id_amigo_origen,id_amigo_destino,bloqueados,pendientes) VALUES ("131","111","101",1,false);

INSERT INTO amigos (id_amigos,id_amigo_origen,id_amigo_destino,bloqueados,pendientes) VALUES ("110","101","112",true,false);
INSERT INTO amigos (id_amigos,id_amigo_origen,id_amigo_destino,bloqueados,pendientes) VALUES ("132","112","101",true,false);

INSERT INTO amigos (id_amigos,id_amigo_origen,id_amigo_destino,bloqueados,pendientes) VALUES ("111","101","113",1,false);
INSERT INTO amigos (id_amigos,id_amigo_origen,id_amigo_destino,bloqueados,pendientes) VALUES ("133","113","101",1,false);

INSERT INTO amigos (id_amigos,id_amigo_origen,id_amigo_destino,bloqueados,pendientes) VALUES ("112","101","114",1,false);
INSERT INTO amigos (id_amigos,id_amigo_origen,id_amigo_destino,bloqueados,pendientes) VALUES ("134","114","101",1,false);

INSERT INTO amigos (id_amigos,id_amigo_origen,id_amigo_destino,bloqueados,pendientes) VALUES ("113","101","115",1,false);
INSERT INTO amigos (id_amigos,id_amigo_origen,id_amigo_destino,bloqueados,pendientes) VALUES ("135","115","101",1,false);

INSERT INTO amigos (id_amigos,id_amigo_origen,id_amigo_destino,bloqueados,pendientes) VALUES ("114","101","116",1,false);
INSERT INTO amigos (id_amigos,id_amigo_origen,id_amigo_destino,bloqueados,pendientes) VALUES ("136","116","101",1,false);

INSERT INTO amigos (id_amigos,id_amigo_origen,id_amigo_destino,bloqueados,pendientes) VALUES ("115","101","117",1,false);
INSERT INTO amigos (id_amigos,id_amigo_origen,id_amigo_destino,bloqueados,pendientes) VALUES ("137","117","101",1,false);

INSERT INTO amigos (id_amigos,id_amigo_origen,id_amigo_destino,bloqueados,pendientes) VALUES ("116","101","118",1,false);
INSERT INTO amigos (id_amigos,id_amigo_origen,id_amigo_destino,bloqueados,pendientes) VALUES ("138","118","101",1,false);

INSERT INTO amigos (id_amigos,id_amigo_origen,id_amigo_destino,bloqueados,pendientes) VALUES ("117","101","119",0,false);
INSERT INTO amigos (id_amigos,id_amigo_origen,id_amigo_destino,bloqueados,pendientes) VALUES ("139","119","101",0,false);

INSERT INTO amigos (id_amigos,id_amigo_origen,id_amigo_destino,bloqueados,pendientes) VALUES ("118","99","101",0,false);
INSERT INTO amigos (id_amigos,id_amigo_origen,id_amigo_destino,bloqueados,pendientes) VALUES ("122","101","99",0,false);

INSERT INTO amigos (id_amigos,id_amigo_origen,id_amigo_destino,bloqueados,pendientes) VALUES ("119","99","102",0,false);
INSERT INTO amigos (id_amigos,id_amigo_origen,id_amigo_destino,bloqueados,pendientes) VALUES ("123","102","99",true,false);

INSERT INTO amigos (id_amigos,id_amigo_origen,id_amigo_destino,bloqueados,pendientes) VALUES ("120","99","103",0,false);
INSERT INTO amigos (id_amigos,id_amigo_origen,id_amigo_destino,bloqueados,pendientes) VALUES ("121","103","99",0,false);
INSERT INTO amigos (id_amigos,id_amigo_origen,id_amigo_destino,bloqueados,pendientes) VALUES ("124","99","104",0,false);
INSERT INTO amigos (id_amigos,id_amigo_origen,id_amigo_destino,bloqueados,pendientes) VALUES ("125","104","99",0,false);

INSERT INTO amigos (id_amigos,id_amigo_origen,id_amigo_destino,bloqueados,pendientes) VALUES ("140","109","101",false,true);



INSERT INTO peliculas (id,id_pelicula_usuarios,titulo, year, puntuacion, opinion, trailer, imagen) VALUES ("1006","99","Titanic","2011","3","Me hizo llorar mucho","https://www.youtube.com/embed/1EMkCJWQIDY?si=mG5Q6YTUnLETcnca", "/imagenes/leerImagen/Pelicula1006Usuario99.jpg");

INSERT INTO peliculas (id,id_pelicula_usuarios,titulo, year, puntuacion, opinion, trailer,imagen) VALUES ("1007","99","Gru mi villano favorito 3","2019","5","Me ha encantado, los minios son muy graciosos","https://www.youtube.com/embed/5awMQ4c9JiU?si=DMq8MmskonmPOabk","/imagenes/leerImagen/Pelicula1007Usuario99.jpg");

INSERT INTO peliculas (id,id_pelicula_usuarios,titulo, year, puntuacion, opinion, trailer,imagen) VALUES ("1008","99","Harry Potter y la piedra filosofal","2005","5","Adoro esta película","https://www.youtube.com/embed/w8-VjWRbXcg?si=4fMNIKyDmTIHhga0","/imagenes/leerImagen/Pelicula1008Usuario99.jpg");

INSERT INTO peliculas (id,id_pelicula_usuarios,titulo, year, puntuacion, opinion, trailer,imagen) VALUES ("1000","99","Harry Potter y la cámara secreta","2006","4","El basilisco da mucho miedo","https://www.youtube.com/embed/C8CL5TbiFwY?si=fn1aQ2M13bRN2aBR","/imagenes/leerImagen/Pelicula1000Usuario99.jpg");

INSERT INTO peliculas (id,id_pelicula_usuarios,titulo, year, puntuacion, opinion,trailer,imagen) VALUES ("1002","99","Mamma Mia","2020","5","La mejor película musical","https://www.youtube.com/embed/hcgSejNB9Bk?si=06_Avuubnn5G2spS", "/imagenes/leerImagen/Pelicula1002Usuario99.jpg");

INSERT INTO peliculas (id,id_pelicula_usuarios,titulo, year, puntuacion, opinion,trailer) VALUES ("1003","98","prueba3","2020","4","opinion de prueba4","");

INSERT INTO peliculas (id,id_pelicula_usuarios,titulo, year, puntuacion, opinion,trailer) VALUES ("1004","98","prueba4","2020","5","opinion de prueba3","");

INSERT INTO peliculas (id,id_pelicula_usuarios,titulo, year, puntuacion, opinion,trailer) VALUES ("1005","98","prueba5","2020","2","opinion de prueba5","");




INSERT INTO pelicula_genero(id, id_generos_elemt_comp) VALUES ("1000", "1002");
INSERT INTO pelicula_genero(id, id_generos_elemt_comp) VALUES ("1006", "1000");
INSERT INTO pelicula_genero(id, id_generos_elemt_comp) VALUES ("1006", "1006");
INSERT INTO pelicula_genero(id, id_generos_elemt_comp) VALUES ("1007", "1005");
INSERT INTO pelicula_genero(id, id_generos_elemt_comp) VALUES ("1007", "1004");
INSERT INTO pelicula_genero(id, id_generos_elemt_comp) VALUES ("1008", "1002");
INSERT INTO pelicula_genero(id, id_generos_elemt_comp) VALUES ("1002", "1009");
INSERT INTO pelicula_genero(id, id_generos_elemt_comp) VALUES ("1003", "1004");
INSERT INTO pelicula_genero(id, id_generos_elemt_comp) VALUES ("1003", "1007");
INSERT INTO pelicula_genero(id, id_generos_elemt_comp) VALUES ("1004", "1004");
INSERT INTO pelicula_genero(id, id_generos_elemt_comp) VALUES ("1004", "1005");
INSERT INTO pelicula_genero(id, id_generos_elemt_comp) VALUES ("1005", "1003");
INSERT INTO pelicula_genero(id, id_generos_elemt_comp) VALUES ("1005", "1010");
INSERT INTO pelicula_genero(id, id_generos_elemt_comp) VALUES ("1005", "1006");

INSERT INTO pelicula_plataforma(id,id_plataforma) VALUES ("1000", "1000");
INSERT INTO pelicula_plataforma(id,id_plataforma) VALUES ("1000", "1001");
INSERT INTO pelicula_plataforma(id,id_plataforma) VALUES ("1006", "1001");
INSERT INTO pelicula_plataforma(id,id_plataforma) VALUES ("1007", "1001");
INSERT INTO pelicula_plataforma(id,id_plataforma) VALUES ("1008", "1000");
INSERT INTO pelicula_plataforma(id,id_plataforma) VALUES ("1008", "1001");
INSERT INTO pelicula_plataforma(id,id_plataforma) VALUES ("1002", "1001");
INSERT INTO pelicula_plataforma(id,id_plataforma) VALUES ("1003", "1000");
INSERT INTO pelicula_plataforma(id,id_plataforma) VALUES ("1004", "1001");
INSERT INTO pelicula_plataforma(id,id_plataforma) VALUES ("1005", "1000");
